{
  "entrypoints": [
    "main"
  ],
  "origins": {
    "9": [
      76,
      212,
      249,
      643,
      869,
      9
    ],
    "42": [
      42
    ],
    "17896441": [
      76,
      869,
      401
    ],
    "main": [
      354,
      869,
      792
    ],
    "runtime~main": [
      792,
      869,
      354
    ],
    "0058b4c6": [
      849
    ],
    "0e384e19": [
      76,
      976
    ],
    "1df93b7f": [
      869,
      583
    ],
    "1f391b9e": [
      76,
      869,
      61
    ],
    "356a0ac6": [
      76,
      750
    ],
    "36994c47": [
      858
    ],
    "5e95c892": [
      647
    ],
    "621db11d": [
      9,
      869,
      212
    ],
    "778f92e8": [
      76,
      157
    ],
    "814f3328": [
      472
    ],
    "9e4087bc": [
      76,
      711
    ],
    "a6aa9e1f": [
      9,
      76,
      869,
      643
    ],
    "a7456010": [
      235
    ],
    "a7bd4aaa": [
      98
    ],
    "a94703ab": [
      869,
      48
    ],
    "aba21aa0": [
      742
    ],
    "acecf23e": [
      903
    ],
    "c15d9823": [
      146
    ],
    "ccc49370": [
      9,
      76,
      869,
      249
    ],
    "e1d66cf5": [
      76,
      361
    ],
    "ef8b811a": [
      947
    ],
    "f81c1134": [
      130
    ],
    "styles": [
      9,
      48,
      61,
      76,
      212,
      249,
      354,
      401,
      583,
      643,
      792,
      869
    ],
    "common": [
      9,
      61,
      157,
      249,
      361,
      401,
      643,
      711,
      750,
      869,
      976,
      76
    ]
  },
  "assets": {
    "9": {
      "js": [
        {
          "file": "assets/js/9.2435349f.js",
          "hash": "32b224c125d7f91a",
          "publicPath": "/assets/js/9.2435349f.js"
        }
      ]
    },
    "42": {
      "js": [
        {
          "file": "assets/js/42.7e20f56c.js",
          "hash": "359570a2fc6ffe7e",
          "publicPath": "/assets/js/42.7e20f56c.js"
        }
      ]
    },
    "48": {
      "js": [
        {
          "file": "assets/js/a94703ab.1b7345a6.js",
          "hash": "2e4938c98180e2dc",
          "publicPath": "/assets/js/a94703ab.1b7345a6.js"
        }
      ]
    },
    "61": {
      "js": [
        {
          "file": "assets/js/1f391b9e.cd8858a4.js",
          "hash": "5c92a181114f0a6c",
          "publicPath": "/assets/js/1f391b9e.cd8858a4.js"
        }
      ]
    },
    "76": {
      "js": [
        {
          "file": "assets/js/common.03edc43e.js",
          "hash": "ee680363e52d4b0f",
          "publicPath": "/assets/js/common.03edc43e.js"
        }
      ]
    },
    "98": {
      "js": [
        {
          "file": "assets/js/a7bd4aaa.0dba0af2.js",
          "hash": "3d9ae183019ed7af",
          "publicPath": "/assets/js/a7bd4aaa.0dba0af2.js"
        }
      ]
    },
    "130": {
      "js": [
        {
          "file": "assets/js/f81c1134.e77455c1.js",
          "hash": "5f71364b6573f7df",
          "publicPath": "/assets/js/f81c1134.e77455c1.js"
        }
      ]
    },
    "146": {
      "js": [
        {
          "file": "assets/js/c15d9823.b1d488e4.js",
          "hash": "0678c6f7c8b8ee21",
          "publicPath": "/assets/js/c15d9823.b1d488e4.js"
        }
      ]
    },
    "157": {
      "js": [
        {
          "file": "assets/js/778f92e8.2295680d.js",
          "hash": "ff69dc91c3fc1856",
          "publicPath": "/assets/js/778f92e8.2295680d.js"
        }
      ]
    },
    "212": {
      "js": [
        {
          "file": "assets/js/621db11d.43034031.js",
          "hash": "e0485e94058949a7",
          "publicPath": "/assets/js/621db11d.43034031.js"
        }
      ]
    },
    "235": {
      "js": [
        {
          "file": "assets/js/a7456010.d92a429e.js",
          "hash": "7d8dabc38c4e43a5",
          "publicPath": "/assets/js/a7456010.d92a429e.js"
        }
      ]
    },
    "249": {
      "js": [
        {
          "file": "assets/js/ccc49370.0f32f64e.js",
          "hash": "f4b7b36b24af1243",
          "publicPath": "/assets/js/ccc49370.0f32f64e.js"
        }
      ]
    },
    "354": {
      "js": [
        {
          "file": "assets/js/runtime~main.98122809.js",
          "hash": "b4943345d8f2379b",
          "publicPath": "/assets/js/runtime~main.98122809.js"
        }
      ]
    },
    "361": {
      "js": [
        {
          "file": "assets/js/e1d66cf5.d20735bb.js",
          "hash": "bbcbcac779c0e0ec",
          "publicPath": "/assets/js/e1d66cf5.d20735bb.js"
        }
      ]
    },
    "401": {
      "js": [
        {
          "file": "assets/js/17896441.f2e4c5d6.js",
          "hash": "916d9baada30f7a8",
          "publicPath": "/assets/js/17896441.f2e4c5d6.js"
        }
      ]
    },
    "472": {
      "js": [
        {
          "file": "assets/js/814f3328.d69ebd42.js",
          "hash": "3a2f200afb51a58d",
          "publicPath": "/assets/js/814f3328.d69ebd42.js"
        }
      ]
    },
    "583": {
      "js": [
        {
          "file": "assets/js/1df93b7f.d04a8a5e.js",
          "hash": "2524b236b9f432e6",
          "publicPath": "/assets/js/1df93b7f.d04a8a5e.js"
        }
      ]
    },
    "643": {
      "js": [
        {
          "file": "assets/js/a6aa9e1f.bac97809.js",
          "hash": "3bbf1e9865ac3a07",
          "publicPath": "/assets/js/a6aa9e1f.bac97809.js"
        }
      ]
    },
    "647": {
      "js": [
        {
          "file": "assets/js/5e95c892.db67149d.js",
          "hash": "dca4f21a124ea538",
          "publicPath": "/assets/js/5e95c892.db67149d.js"
        }
      ]
    },
    "711": {
      "js": [
        {
          "file": "assets/js/9e4087bc.5d85373c.js",
          "hash": "c48bd7586112b839",
          "publicPath": "/assets/js/9e4087bc.5d85373c.js"
        }
      ]
    },
    "742": {
      "js": [
        {
          "file": "assets/js/aba21aa0.87795c41.js",
          "hash": "322d5187d483a544",
          "publicPath": "/assets/js/aba21aa0.87795c41.js"
        }
      ]
    },
    "750": {
      "js": [
        {
          "file": "assets/js/356a0ac6.bc19acf0.js",
          "hash": "d1dd036c0286f241",
          "publicPath": "/assets/js/356a0ac6.bc19acf0.js"
        }
      ]
    },
    "792": {
      "js": [
        {
          "file": "assets/js/main.b3169534.js",
          "hash": "988f1b3d8ed66e82",
          "publicPath": "/assets/js/main.b3169534.js"
        }
      ]
    },
    "849": {
      "js": [
        {
          "file": "assets/js/0058b4c6.af3780c0.js",
          "hash": "91cdaba6ed4aca7b",
          "publicPath": "/assets/js/0058b4c6.af3780c0.js"
        }
      ]
    },
    "858": {
      "js": [
        {
          "file": "assets/js/36994c47.f019c7db.js",
          "hash": "0dea383e1a67e575",
          "publicPath": "/assets/js/36994c47.f019c7db.js"
        }
      ]
    },
    "869": {
      "css": [
        {
          "file": "assets/css/styles.6fe07be5.css",
          "hash": "aaaac43d5b27d2d3",
          "publicPath": "/assets/css/styles.6fe07be5.css"
        }
      ]
    },
    "903": {
      "js": [
        {
          "file": "assets/js/acecf23e.54975306.js",
          "hash": "e02cd7dd07f7f545",
          "publicPath": "/assets/js/acecf23e.54975306.js"
        }
      ]
    },
    "947": {
      "js": [
        {
          "file": "assets/js/ef8b811a.3df6cc8e.js",
          "hash": "f4aaf3a9bd3dd05e",
          "publicPath": "/assets/js/ef8b811a.3df6cc8e.js"
        }
      ]
    },
    "976": {
      "js": [
        {
          "file": "assets/js/0e384e19.c54c49b9.js",
          "hash": "06b955efb3fbbd3b",
          "publicPath": "/assets/js/0e384e19.c54c49b9.js"
        }
      ]
    }
  }
}